Name,Priority
Sedan,0.5991865583990907
Hetchback,0.15246951822011656
Tempo,0.07616453221114639
MPV's,0.376600593164953
SUV,0.17227310622432102
